date,Portfolio 1,Portfolio 2,Portfolio 3,Portfolio 4,Portfolio 5,Portfolio 6,Portfolio 7,Portfolio 8,Portfolio 9,Portfolio 10
2016-01-07,9722.2633,12640.9604,18259.0699,8707.9520,16184.5516,10010.8602,8779.2454,12312.9721,11729.3576,8161.6906
2016-01-08,9670.3244,12439.3080,18028.3600,8616.7868,15897.0457,9850.2145,8675.3390,12215.6372,11516.8761,8070.2618
2016-01-11,9642.6740,12447.8151,17993.3037,8550.9994,15913.1803,9754.4806,8596.8122,12195.7873,11433.2611,8020.5378
2016-01-12,9657.9167,12594.8240,18156.3941,8440.2845,16035.6886,9813.3409,8672.0450,12281.9980,11500.8297,8068.4167
2016-01-13,9349.8885,12303.6389,17564.4381,8090.1328,15374.8121,9563.2313,8497.2161,11985.9102,11078.0469,7848.1640
2016-01-14,9531.8119,12364.7629,17746.1949,8511.2527,15737.7736,9659.4512,8617.2904,12102.2467,11276.7703,7979.1568
2016-01-15,9352.2095,12195.2959,17463.9371,8177.8795,15310.3331,9503.7678,8559.8878,11879.7548,11045.1674,7725.3105
2016-01-19,9340.7189,12218.4258,17465.2248,8173.2486,15295.1534,9466.9054,8473.5683,11866.9233,10941.3153,7716.6272
2016-01-20,9214.6732,12103.3405,17223.3343,8183.4787,15234.9016,9346.3256,8287.8595,11728.6284,10807.3167,7670.2833
2016-01-21,9251.6738,12210.9515,17343.3618,8249.7481,15335.4559,9419.2498,8343.7360,11774.7635,10910.9476,7717.5132
2016-01-22,9490.6991,12426.0859,17836.0707,8611.6657,15733.2252,9609.7622,8497.1783,12044.1728,11126.0200,7923.5422
2016-01-25,9374.5754,12201.5253,17532.6003,8389.1766,15491.8506,9425.9809,8309.6589,11821.9692,10818.2259,7657.4684
2016-01-26,9498.6762,12384.7844,17688.1441,8765.3253,15749.6520,9609.7173,8455.4506,12052.2903,11044.5715,7795.9876
2016-01-27,9368.1932,12377.5680,17391.2430,8622.9588,15284.6592,9586.6422,8378.7163,11914.9419,10943.4319,7632.7944
2016-01-28,9335.5244,12430.4810,17443.3327,8629.7253,15202.7086,9691.1788,8402.1251,11707.1549,10738.8079,7611.6596
2016-01-29,9512.0775,12693.2757,18014.9351,8915.0181,15708.5863,9872.7473,8608.3690,12015.6418,10998.8706,7932.1138
2016-02-01,9511.8371,12778.8831,18064.8921,8864.2528,15742.0782,9928.6302,8644.2117,12065.6930,11016.5592,7889.0152
2016-02-02,9319.0658,12511.4581,17591.0756,8604.7711,15322.9109,9747.3954,8440.6099,11776.1022,10654.7483,7612.6665
2016-02-03,9425.7584,12514.4843,17581.0927,8678.4514,15416.6341,9784.9743,8633.3181,11799.7924,10828.8831,7752.7293
2016-02-04,9439.2109,12579.2460,17461.2169,8685.3729,15426.8295,9778.7212,8774.2367,11746.4258,10775.5260,7870.1895
2016-02-05,9289.5436,12456.1788,16953.2457,8495.1642,14899.6653,9585.2496,8610.0448,11504.8112,10365.0409,7800.4670
2016-02-08,9105.9449,12327.8825,16346.2884,7969.4231,14590.3222,9352.5195,8380.7265,11116.1260,10136.3121,7616.5271
2016-02-09,9128.6842,12377.4385,16329.4729,7940.2491,14493.9978,9331.4831,8364.8471,11096.1383,9957.3192,7548.0890
2016-02-10,9060.3452,12362.9909,16480.7283,8059.7699,14492.9988,9356.5218,8344.9200,11074.2624,10033.9041,7479.1265
2016-02-11,8869.1520,12113.6180,16119.1982,8066.7986,14017.9780,9234.2374,8303.5538,10981.5238,10130.8066,7206.0597
2016-02-12,9044.1696,12383.7983,16521.6708,8325.9636,14263.9156,9496.4547,8345.8917,11118.4238,10365.4495,7407.6014
2016-02-16,9250.8605,12613.1723,16997.4439,8674.6421,14731.7352,9669.3724,8540.1935,11432.3513,10619.3397,7616.7317
2016-02-17,9370.6310,12722.8883,17309.3653,8891.3401,15119.1972,9826.9800,8750.4183,11579.6452,10875.0016,7848.0069
2016-02-18,9346.5270,12671.7329,17180.1606,8910.3406,14899.9505,9919.9035,8741.8234,11553.8616,10744.4117,7845.8847
2016-02-19,9363.8654,12656.6624,17295.3641,8852.7690,15077.3561,9857.1134,8654.4560,11566.2884,10790.6158,7783.5148
2016-02-22,9504.1557,12811.5223,17566.6776,9024.5528,15403.0750,9994.5916,8813.0185,11820.4506,11104.5708,7951.0718
2016-02-23,9412.4573,12724.6334,17371.5133,8823.7165,15184.6135,9865.4957,8692.7316,11713.9879,10911.9673,7888.3034
2016-02-24,9469.5305,12815.0731,17429.9414,8959.2066,15389.9916,9818.7946,8736.8552,11904.3796,10970.2345,7916.5400
2016-02-25,9544.4170,12996.1302,17780.9435,9100.0071,15503.2897,10055.9673,8816.6110,12013.7275,11073.0396,8057.3956
2016-02-26,9489.8119,12901.8416,17726.7531,9087.4392,15580.1836,10140.0363,8876.8451,11988.3279,11136.5973,8079.8573
2016-02-29,9369.0526,12807.2761,17633.1351,9077.8534,15387.6917,10088.7225,8849.9725,11950.7307,11037.4507,8044.8326
2016-03-01,9509.6894,13025.2371,18256.1394,9325.6293,15796.6519,10320.9576,9072.2247,12248.0017,11421.9617,8236.3286
2016-03-02,9478.0212,13095.5130,18254.6475,9344.6640,15789.0961,10350.2687,9159.6820,12303.1755,11537.1515,8282.9059
2016-03-03,9483.8396,13128.0976,18388.6523,9503.7880,15954.5370,10482.7382,9289.0974,12411.5121,11551.2392,8355.7922
2016-03-04,9521.3639,13215.5469,18500.4133,9549.7105,15935.2785,10500.1629,9369.4860,12478.8532,11593.8242,8374.4005
2016-03-07,9570.2144,13222.7352,18355.5924,9682.6757,16083.9698,10610.1095,9453.3438,12487.0250,11678.4610,8419.1701
2016-03-08,9492.8443,13100.0985,18126.4691,9416.2637,15706.4707,10487.5599,9307.5488,12333.5728,11372.8865,8261.7227
2016-03-09,9498.1229,13156.0395,18172.9959,9553.5755,15893.5957,10503.2150,9383.9456,12432.6012,11362.7357,8337.4182
2016-03-10,9498.9382,13215.4311,18163.6592,9494.5943,15922.2107,10514.5694,9362.6598,12424.9032,11291.3626,8367.8429
2016-03-11,9725.7795,13448.8565,18518.6199,9683.9055,16247.9666,10761.0820,9449.9721,12684.6466,11515.6756,8583.6991
2016-03-14,9655.7924,13432.0442,18491.9959,9669.0610,16165.9927,10714.5791,9486.8778,12662.7878,11569.5973,8542.8714
2016-03-15,9595.3791,13385.2110,18548.3937,9616.1799,16047.8313,10644.6246,9416.5199,12634.8027,11518.9426,8456.2959
2016-03-16,9644.6985,13515.0042,18677.6894,9844.4742,16276.4744,10716.9264,9566.9227,12763.0732,11545.8557,8562.8225
2016-03-17,9775.1907,13704.9439,18795.3455,9964.3538,16289.8057,10849.7067,9703.2415,12989.3490,11589.5888,8656.4550
2016-03-18,9791.6639,13770.6346,18998.9632,10052.0946,16492.8217,10841.2818,9715.8424,12979.2424,11678.0884,8740.1140
2016-03-21,9888.2719,13759.8327,18930.6015,9960.5439,16548.2123,11000.9868,9840.5493,12944.5652,11664.6252,8750.5525
2016-03-22,9904.6525,13683.5622,18893.2765,9992.6985,16570.6711,10963.5044,9867.4509,12929.0327,11624.9817,8736.3037
2016-03-23,9793.5922,13533.4584,18824.0207,9783.4749,16303.7669,10862.0150,9766.8687,12809.2391,11389.2648,8598.0666
2016-03-24,9821.0771,13470.7262,18801.0371,9733.1379,16330.0852,10819.0083,9752.9769,12756.2486,11413.9619,8586.8033
2016-03-28,9833.2133,13567.9388,18948.2383,9731.2913,16242.8821,10855.9563,9815.7426,12807.1669,11407.5648,8578.0941
2016-03-29,9883.1821,13730.4359,19122.1604,9910.9316,16434.5518,10910.8107,9911.4311,12968.2760,11560.3951,8729.7442
2016-03-30,9866.5515,13781.5418,19256.4894,9953.7078,16426.1618,10967.9292,9952.1039,13000.1755,11618.1801,8739.3677
2016-03-31,9887.3550,13736.1331,19307.4755,10020.5104,16424.0378,10950.0014,9956.3118,12998.2573,11648.6570,8735.5451
2016-04-01,9974.1685,13761.4288,19471.0498,9940.0022,16706.8689,11037.3459,9980.8173,13144.2505,11682.2583,8782.1708
2016-04-04,9935.9553,13670.1211,19396.1830,9867.8203,16638.1798,10958.8804,9859.7754,13065.4571,11536.0862,8719.4044
2016-04-05,9906.9881,13538.3573,19255.2546,9717.9759,16523.5464,10753.6846,9744.4289,12972.5402,11439.3055,8588.2768
2016-04-06,10113.9987,13628.6081,19552.6495,9870.0409,16788.6606,10795.7915,9810.5382,13044.4950,11706.9562,8705.1340
2016-04-07,9973.8704,13473.1432,19259.0342,9799.8242,16638.9108,10677.9853,9664.6619,12814.6798,11425.2120,8587.1165
2016-04-08,9940.0913,13510.1749,19254.5085,9924.4989,16680.2459,10712.0747,9708.6328,12932.0137,11422.6096,8621.9723
2016-04-11,9867.6130,13418.4237,19193.4763,9997.6827,16520.0910,10730.8581,9680.1035,12906.2830,11335.8829,8632.5675
2016-04-12,9956.9756,13569.9237,19327.0405,10148.5562,16716.8159,10873.5347,9768.9737,12887.6320,11425.6947,8749.6435
2016-04-13,10021.0477,13838.4666,19635.7851,10297.0270,16945.4193,11023.4242,9915.4748,13064.0424,11644.4581,8876.4210
2016-04-14,10019.9183,13828.8923,19660.2315,10215.6504,16939.2473,11011.0099,9839.5767,12973.4406,11657.7935,8836.5246
2016-04-15,10014.0991,13858.4124,19718.6277,10205.8977,16841.8385,11063.7279,9933.5643,12979.7849,11531.7058,8812.9844
2016-04-18,10036.3740,13949.2954,19805.4743,10267.9470,17017.1664,11116.7162,10029.0892,13073.3817,11755.6797,8847.2241
2016-04-19,10085.5213,13993.8580,19716.1188,10440.7484,17000.0171,11270.1560,10129.2111,13126.8548,11730.2286,8916.5678
2016-04-20,10079.8671,13972.4227,19680.2827,10526.8544,16996.2296,11302.9399,10076.9269,13078.4994,11847.2815,8941.3716
2016-04-21,10004.6847,13802.7193,19514.7154,10466.2151,17214.5781,11097.1071,10051.5894,12990.8210,11746.9391,8841.8623
2016-04-22,10002.2183,13876.2642,19567.6930,10557.3868,17298.3433,11157.5673,10107.3094,13068.4641,11784.1863,8924.9981
2016-04-25,9998.9699,13847.5378,19571.9384,10498.9613,17114.3106,11131.5725,10044.8340,13049.2943,11757.0319,8806.1536
2016-04-26,9979.1014,13931.9928,19645.3667,10611.6535,17208.5782,11202.4406,10063.3138,13155.9454,11838.1690,8853.5434
2016-04-27,10025.2636,13990.1681,19756.3827,10784.4546,17209.8777,11241.9148,10078.4409,13223.2125,11905.9210,8878.5262
2016-04-28,10008.0255,13842.9968,19531.1328,10578.9351,16929.3250,11161.4395,9992.4674,13157.0138,11873.9632,8731.4162
2016-04-29,10139.8690,13724.2532,19323.0215,10497.3452,16626.9066,11093.2678,9913.8935,13086.0944,11775.8881,8698.2177
2016-05-02,10251.3869,13845.9282,19559.4102,10510.4732,16784.6876,11209.3762,10026.3001,13214.1767,11835.0875,8759.0461
2016-05-03,10174.0189,13747.6164,19391.5978,10399.1520,16599.5741,11102.3768,9900.7100,12966.9767,11662.0006,8675.8497
2016-05-04,10081.0445,13698.6105,19293.4474,10321.8016,16330.8766,11109.0240,9892.4308,12930.9504,11505.2736,8592.7504
2016-05-05,10110.7843,13583.4891,19077.5602,10446.9998,16402.3927,11045.2066,9832.5458,13062.0261,11540.0134,8604.7115
2016-05-06,10162.0709,13563.6725,19084.1309,10474.1058,16363.8118,11076.4672,9840.7531,13337.6698,11634.7242,8611.7583
2016-05-09,10180.9516,13596.9016,19156.2839,10414.0973,16311.7276,11099.1367,9754.0784,13299.5464,11753.4992,8646.5532
2016-05-10,10311.1028,13727.1752,19339.4580,10553.0499,16542.2831,11190.3443,9907.0321,13464.6909,11899.2620,8726.8095
2016-05-11,10153.8915,13522.6070,19138.8036,10560.7334,16314.0611,10972.7680,9793.8604,13367.9971,11662.0612,8617.1778
2016-05-12,10150.1041,13505.6963,19108.7958,10540.3852,16119.5078,10918.4952,9736.4826,13369.0088,11568.0609,8559.3449
2016-05-13,10086.0832,13324.6703,19001.7984,10477.7240,16061.6189,10796.0071,9604.3856,13225.2383,11357.9308,8429.9434
2016-05-16,10214.9538,13495.0358,19172.8000,10598.5618,16349.6973,10917.7078,9712.1153,13346.4742,11424.6067,8573.0756
2016-05-17,10110.8495,13378.0202,18913.1905,10605.4355,16243.8970,10837.6400,9650.8391,13180.0833,11396.6005,8490.3495
2016-05-18,10097.8346,13196.1567,19025.0586,10553.6269,16342.9675,10879.4025,9548.9914,13059.0395,11347.3696,8500.5270
2016-05-19,10036.2064,13136.6530,18828.9544,10538.8539,16172.4143,10831.6399,9514.6772,12946.4590,11271.6258,8390.6390
2016-05-20,10099.4081,13160.5188,19056.5250,10707.7346,16578.4762,10921.7887,9601.5429,12975.1095,11491.4966,8437.3219
2016-05-23,10131.8359,13090.7622,19079.0050,10689.7367,16533.5286,10977.6473,9595.7963,12985.5778,11498.5872,8451.1691
2016-05-24,10235.1358,13258.2578,19408.5664,10877.3023,16800.1376,11023.2348,9674.3495,13182.2797,11668.8365,8604.3175
2016-05-25,10308.6836,13368.0148,19481.2247,10991.5435,16884.7877,11139.2082,9721.9697,13274.7750,11766.4863,8700.7296
2016-05-26,10291.0712,13414.0625,19442.7358,11002.9574,16867.7183,11091.7719,9696.3665,13246.2318,11724.6949,8716.7120
2016-05-27,10375.7694,13458.0334,19579.8757,11127.7111,17018.5266,11119.9102,9715.9374,13313.5346,11829.5319,8766.3572
2016-05-31,10348.6283,13459.2277,19591.1791,11154.8350,16982.8452,11107.2814,9704.5588,13356.4887,11913.4961,8775.0361
2016-06-01,10367.6570,13460.2476,19614.2970,11151.8115,17151.8964,11109.9887,9680.8111,13356.0479,11920.5598,8774.3412
2016-06-02,10416.3842,13498.6844,19748.8199,11189.9125,17243.0563,11170.7874,9772.2141,13411.1092,12136.7791,8795.9476
2016-06-03,10368.6798,13451.6979,19543.8874,11142.4655,17112.3132,11192.3521,9814.2554,13363.6482,12073.9403,8789.4408
2016-06-06,10478.7412,13517.4754,19549.3742,11207.3122,17243.1684,11317.4659,9863.8636,13411.4748,12243.0103,8889.7648
2016-06-07,10418.2598,13571.5848,19606.1620,11259.7926,17301.5136,11362.2440,9873.5802,13395.9608,12284.7710,8901.7101
2016-06-08,10500.7877,13720.0408,19630.0295,11227.1816,17367.0593,11399.2170,9882.9309,13407.8827,12323.4233,8975.1212
2016-06-09,10463.0910,13698.5363,19589.2458,11246.1471,17296.9905,11333.9317,9832.9098,13327.4415,12219.8264,8921.1501
2016-06-10,10353.9255,13615.8253,19324.7412,11067.0564,17074.8520,11193.7744,9716.2336,13176.9864,11933.8227,8810.6726
2016-06-13,10274.1578,13476.7983,19174.5081,10989.3999,16858.3088,11119.7790,9628.9659,13085.9623,11744.8971,8730.7154
2016-06-14,10302.3632,13422.5999,19038.0561,10892.1675,16777.8286,11051.2441,9612.6336,13039.2217,11688.0095,8684.7557
2016-06-15,10307.6053,13400.7279,19101.1245,10963.0958,16820.3249,11046.5261,9623.6135,13028.9040,11707.3670,8687.6298
2016-06-16,10322.3427,13417.5212,19162.6738,10990.2085,16879.1503,11073.8947,9625.9339,13088.2943,11678.7291,8725.8506
2016-06-17,10251.1253,13489.6915,19083.8757,11101.0631,16781.0996,11127.6858,9673.1974,13055.1412,11658.8345,8737.2456
2016-06-20,10371.8001,13562.9801,19279.9575,11160.9310,16957.4328,11169.9338,9727.1002,13181.0246,11735.1775,8806.1262
2016-06-21,10398.8487,13577.6672,19340.4980,11155.1112,16906.6630,11167.7942,9709.8441,13171.3431,11708.1260,8825.7485
2016-06-22,10398.4104,13587.8385,19250.3816,11083.2013,16965.6576,11135.9616,9710.2823,13137.8932,11683.8436,8781.7025
2016-06-23,10546.4854,13768.4158,19585.9353,11287.2738,17261.8130,11321.1364,9869.5707,13392.0445,11878.4562,8936.6749
2016-06-24,10099.0972,13244.0971,18719.3992,10772.6340,16525.8664,10787.8492,9475.7959,12721.8168,11242.4883,8491.9679
2016-06-27,9912.7748,12973.6248,18178.6878,10452.0861,16007.5869,10450.3008,9220.7761,12386.2393,10930.3276,8270.4139
2016-06-28,10086.7910,13168.2785,18512.4102,10712.0513,16477.4194,10698.1557,9416.5956,12564.9200,11237.3309,8429.6658
2016-06-29,10322.6150,13439.4012,18853.8289,10837.8282,16804.0306,10928.6548,9579.5203,12824.7009,11523.0521,8581.4943
2016-06-30,10545.7657,13622.0217,19170.3912,11058.8094,17067.8418,11059.7757,9803.7663,13119.2730,11600.3401,8790.9362
2016-07-01,10583.9154,13644.4859,19219.8219,11089.3990,17192.4747,11104.9617,9874.7821,13125.6879,11645.0248,8825.2555
2016-07-05,10536.3634,13493.5830,18950.3041,10899.7368,17057.1432,10934.5113,9714.5544,13033.8802,11450.9031,8662.5640
2016-07-06,10570.7330,13598.6068,19104.5935,10961.2442,17106.9987,10985.4854,9735.1040,13110.8444,11596.0262,8710.0857
2016-07-07,10569.2794,13659.3606,19028.2606,10985.0718,17150.0121,10940.7181,9708.5558,13135.3704,11663.0807,8728.3307
2016-07-08,10713.7473,13986.9416,19443.1894,11282.8451,17533.2484,11138.6187,9900.4163,13397.2277,11892.3564,8936.7507
2016-07-11,10758.0518,14052.5396,19603.5140,11362.8239,17623.0298,11187.1323,9966.3174,13494.4203,12032.8814,9012.9981
2016-07-12,10797.6793,14180.5590,19758.2754,11610.6530,17731.4701,11287.6832,10058.2177,13645.7213,12189.1739,9148.3856
2016-07-13,10780.6912,14169.7877,19742.4102,11597.2978,17730.0276,11467.4883,10208.0434,13638.8061,12065.9575,9152.2380
2016-07-14,10834.8328,14234.7454,19947.3767,11671.0087,17833.7626,11533.1102,10244.9431,13678.8506,12142.8555,9218.2456
2016-07-15,10847.7712,14213.8174,19978.8614,11666.1425,17777.6452,11482.2594,10168.3186,13653.1837,12159.9570,9298.9916
2016-07-18,10811.6390,14259.0162,20098.5979,11752.7371,17866.8984,11451.3338,10159.9868,13671.6185,12161.1324,9319.9415
2016-07-19,10824.5469,14217.8259,20113.4786,11787.0366,17865.3087,11443.5265,10167.2279,13670.0747,12149.9501,9300.1506
2016-07-20,10899.2734,14272.7616,20243.2661,11928.1082,18046.1542,11443.4708,10180.0052,13711.7605,12272.7860,9406.5206
2016-07-21,10861.7442,14251.3782,20180.0272,11842.4505,17846.0278,11429.3999,10174.0752,13698.7598,12379.0323,9326.9108
2016-07-22,10919.9143,14284.4888,20152.6117,11907.6530,18001.4575,11409.8050,10169.4336,13796.6007,12460.6617,9353.4855
2016-07-25,10891.9133,14309.3079,20212.9776,11870.6866,17979.3664,11374.6599,10125.0294,13852.4772,12438.5436,9318.6377
2016-07-26,10893.3844,14388.1886,20306.8709,11882.1220,18247.4985,11388.7452,10273.8439,13819.5611,12498.6256,9347.0517
2016-07-27,10901.5172,14305.4587,20254.3475,11790.5214,18272.4253,11383.6798,10203.2488,13669.7935,12441.2695,9367.3484
2016-07-28,10846.1003,14249.5211,20402.0305,11774.8275,18240.9951,11400.5682,10153.5025,13665.5485,12478.2775,9378.7612
2016-07-29,10907.7238,14306.2432,20390.8064,11750.0130,18268.5770,11428.1629,10158.6223,13603.7074,12458.2657,9457.0667
2016-08-01,10895.4635,14273.4323,20344.5006,11621.7953,18288.6334,11401.9575,10106.8502,13571.0796,12369.3796,9411.8479
2016-08-02,10788.4938,14074.5418,19965.5093,11547.0835,18134.0186,11322.7824,10020.2458,13492.0768,12065.2303,9259.4652
2016-08-03,10773.9373,14117.3695,20088.6899,11708.2895,18421.1170,11360.0295,10046.3524,13512.8524,12239.8736,9355.7217
2016-08-04,10769.6064,14130.0251,20068.7050,11617.6091,18373.1098,11189.6677,10121.9483,13540.8869,12212.7765,9445.9446
2016-08-05,10820.2079,14288.6593,20379.5985,11743.9771,18504.7584,11333.7658,10229.8029,13611.0903,12264.7839,9530.1336
2016-08-08,10738.2205,14312.9050,20349.9780,11697.0666,18491.3099,11369.6089,10341.4087,13563.8757,12335.1456,9553.1893
2016-08-09,10794.6565,14275.7769,20389.9452,11680.0436,18492.5035,11293.5168,10316.9503,13615.5156,12319.8502,9576.8882
2016-08-10,10789.3856,14258.0287,20339.8014,11417.9857,18384.7544,11258.6915,10305.2677,13582.2627,12241.8105,9493.3438
2016-08-11,10811.3660,14354.7078,20482.7953,11462.8012,18560.0229,11328.9810,10396.5383,13606.4701,12432.6450,9517.8415
2016-08-12,10792.1197,14369.5015,20444.2764,11461.6318,18512.9139,11303.9727,10336.5635,13574.8633,12556.0346,9477.3948
2016-08-15,10815.2761,14391.6788,20564.4080,11581.0575,18590.3430,11380.4152,10432.3855,13678.3534,12647.5811,9529.1727
2016-08-16,10727.6764,14326.2082,20456.7222,11521.2553,18521.5611,11325.6853,10360.8559,13457.7388,12536.6449,9549.9241
2016-08-17,10724.4210,14234.5261,20490.5684,11560.9837,18572.1081,11408.6735,10374.8658,13505.6930,12432.1067,9636.5592
2016-08-18,10720.5567,14289.0982,20686.6799,11721.3954,18725.9154,11442.3433,10407.0825,13544.7067,12450.5744,9636.6018
2016-08-19,10704.5805,14426.4574,20715.2156,11754.2958,18805.8850,11456.3658,10409.8940,13499.9438,12413.9445,9605.9844
2016-08-22,10792.8619,14434.0632,20764.3396,11796.0213,18787.8005,11490.2609,10444.3008,13509.6974,12438.0604,9586.0838
2016-08-23,10784.1041,14528.3547,20854.0217,11861.0443,18829.5490,11563.3934,10521.0924,13551.0373,12500.0139,9565.8580
2016-08-24,10768.7712,14493.9521,20728.7334,11750.0348,18573.1416,11527.7180,10410.8880,13486.2084,12353.4586,9476.8089
2016-08-25,10752.0631,14427.6514,20848.6129,11768.8128,18499.8966,11537.0802,10487.4271,13546.0594,12377.0931,9545.0600
2016-08-26,10751.0585,14346.4049,20818.9538,11753.9336,18516.8506,11488.1003,10410.6399,13486.4386,12332.6558,9529.0187
2016-08-29,10798.9809,14473.7595,20947.0086,11841.0436,18586.3719,11620.2289,10476.0389,13557.0362,12420.6438,9604.9189
2016-08-30,10733.2477,14432.7675,20900.1812,11856.3641,18478.0817,11652.8158,10511.7818,13525.2608,12387.4930,9588.1574
2016-08-31,10684.2167,14408.5367,20902.6432,11845.9625,18409.2923,11643.7985,10479.0789,13485.8612,12358.8493,9516.7729
2016-09-01,10682.7143,14311.2824,20873.2461,11898.5843,18436.2192,11578.3796,10444.2283,13504.8106,12433.8074,9440.3093
2016-09-02,10725.1825,14401.6629,20925.2764,11956.1170,18379.7935,11643.1032,10509.7468,13608.3049,12515.4627,9441.3837
2016-09-06,10746.5180,14293.5251,20834.9456,12041.0497,18488.4813,11625.5808,10483.5714,13585.6645,12508.7778,9474.7444
2016-09-07,10707.0583,14317.1460,20731.4437,12091.7541,18502.9191,11648.1775,10537.0010,13511.8578,12562.5912,9501.6384
2016-09-08,10664.3272,14249.8647,20608.3212,12040.5814,18527.7281,11616.3412,10504.5340,13451.2476,12560.1070,9428.8219
2016-09-09,10347.5977,13928.1645,19947.0624,11644.4955,17952.0425,11349.0612,10132.8083,13102.1403,12170.9535,9162.1328
2016-09-12,10584.0087,14124.6932,20252.6068,11861.9140,18332.6640,11509.7374,10279.6937,13316.6634,12463.6495,9336.3499
2016-09-13,10384.1894,13938.2110,19982.8159,11590.8596,18051.8562,11275.7335,10133.7843,13076.0614,12196.5135,9198.1454
2016-09-14,10366.7736,13914.0094,20091.9635,11519.1331,18065.8604,11255.6627,10145.7401,13034.2154,12062.6946,9210.1834
2016-09-15,10452.3000,14050.1900,20393.7520,11688.9318,18330.4727,11294.2551,10260.5862,13151.3132,12265.1662,9350.3493
2016-09-16,10423.3331,13991.9531,20246.5537,11597.2173,18294.8792,11303.1668,10227.3899,13057.3654,12202.8874,9374.0259
2016-09-19,10463.5160,14057.8649,20339.1448,11690.5499,18300.5469,11317.0116,10212.9116,13135.5583,12186.1226,9369.4538
2016-09-20,10524.2088,13989.9642,20356.9652,11687.1475,18216.6258,11287.3453,10198.7169,13079.5547,12133.6847,9355.4656
2016-09-21,10673.4348,14148.0195,20729.5661,11834.4849,18419.6097,11397.7353,10329.2217,13294.2033,12289.9457,9429.9740
2016-09-22,10793.2241,14204.9431,20846.8903,11923.4132,18472.5199,11449.6299,10401.2597,13512.4466,12348.3920,9528.5762
2016-09-23,10748.2484,14133.3803,20744.8918,11871.4048,18372.4037,11382.4259,10350.1543,13497.0265,12281.2576,9481.4704
2016-09-26,10658.5261,14029.2547,20542.2185,11830.9870,18180.3198,11284.8660,10278.5426,13437.8497,12173.5816,9416.1048
2016-09-27,10719.4274,14092.9805,20702.0614,11906.4864,18419.9251,11302.6088,10291.1347,13513.1140,12258.5877,9494.3953
2016-09-28,10737.8439,14182.2203,20724.1578,12025.8188,18555.6364,11406.4009,10456.5004,13634.2652,12325.3251,9571.7148
2016-09-29,10665.0905,14019.3811,20439.9568,11873.7859,18238.5148,11317.7517,10438.7675,13513.4579,12178.8775,9454.5789
2016-09-30,10779.0926,14213.3143,20709.6524,12065.3978,18354.1061,11398.4523,10547.0414,13609.3849,12293.8324,9534.3106
2016-10-03,10823.6483,14156.5097,20601.2793,12031.6467,18346.0716,11300.3371,10480.5068,13582.1722,12296.9941,9486.0126
2016-10-04,10720.8532,14055.9689,20602.6913,11934.8889,18304.7543,11217.8069,10376.1371,13428.9475,12296.6208,9434.5512
2016-10-05,10789.2514,14139.4907,20744.5119,11999.7361,18493.6732,11191.6288,10431.2321,13486.2288,12508.4160,9456.3842
2016-10-06,10770.4253,14155.2814,20885.9371,12030.8464,18455.1759,11150.6578,10405.0639,13509.0426,12452.2395,9450.6896
2016-10-07,10719.8295,14023.6753,20736.1941,11973.2200,18285.0350,11109.9335,10341.8465,13424.4464,12378.5046,9366.6883
2016-10-10,10714.0256,14069.9412,20820.1497,12042.1918,18499.0884,11181.1334,10374.5179,13411.2752,12412.7123,9481.8552
2016-10-11,10537.2250,13946.4821,20490.6100,11842.2259,18224.6404,11006.1976,10291.6721,13191.5771,12226.2417,9360.7872
2016-10-12,10514.9899,13985.1038,20614.5388,11789.0195,18069.8315,11053.4532,10265.3515,13197.9747,12235.8166,9350.7032
2016-10-13,10502.4844,13903.0020,20493.8585,11698.6340,18054.5807,10997.5903,10231.6355,13112.1565,12201.0538,9329.0874
2016-10-14,10452.8249,13927.1525,20511.5669,11660.7236,18013.2067,10964.8596,10247.8158,13079.3663,12195.4686,9334.2905
2016-10-17,10422.6039,13885.7165,20443.4251,11580.9173,17971.7319,10985.8379,10240.8915,13072.9284,12185.1549,9294.2436
2016-10-18,10509.3448,13966.9214,20565.1565,11618.7498,18130.0441,11178.6854,10320.1415,13192.4214,12267.2905,9379.7749
2016-10-19,10520.3140,14004.9352,20620.6136,11675.7960,18171.7935,11267.1607,10415.1036,13243.2503,12364.7374,9311.9418
2016-10-20,10448.8249,13971.8420,20616.2732,11599.7926,18127.6692,11234.5903,10429.4289,13200.5300,12277.6405,9240.6221
2016-10-21,10388.1173,13922.8803,20549.7260,11601.0005,18148.3752,11255.4696,10463.3679,13299.1069,12197.1394,9188.1297
2016-10-24,10401.3476,14017.1614,20744.3322,11729.1713,18249.8961,11214.1649,10435.1700,13388.2476,12297.3230,9254.7480
2016-10-25,10344.3259,13907.9689,20522.3930,11622.5612,18215.4661,11202.3441,10262.1579,13313.2572,12151.5791,9267.5605
2016-10-26,10372.4460,13948.7613,20490.4802,11660.0005,18286.6221,11160.0061,10291.1046,13408.1290,12088.4625,9209.2764
2016-10-27,10273.5691,13876.3658,20433.2148,11576.5445,18148.4968,11009.7959,10169.0454,13337.1854,11923.1508,9126.4772
2016-10-28,10269.1338,13990.7341,20489.5918,11641.0399,18060.8506,11001.8537,10176.7718,13416.9527,12029.1353,9173.6353
2016-10-31,10258.6408,14072.6481,20548.8107,11674.5240,18031.7109,11044.7094,10220.7807,13456.2870,12017.1745,9138.9859
2016-11-01,10231.1204,13852.7705,20223.7714,11570.4087,17876.1744,10975.2667,10168.0973,13275.9053,11924.3457,9071.3233
2016-11-02,10184.3237,13820.0692,20031.3466,11505.6209,17709.1586,10866.3915,10135.1269,13064.5913,11763.6309,9062.3544
2016-11-03,10090.7920,13736.8897,20030.1872,11487.0510,17500.3194,10725.0251,10107.8145,13067.5571,11685.5548,8933.0031
2016-11-04,10043.2174,13773.7846,20123.3212,11476.4943,17616.5956,10728.5392,10157.8877,12954.5307,11716.9565,8957.3807
2016-11-07,10250.8005,14032.1485,20591.9383,11810.9394,18186.2756,10909.8225,10392.3664,13113.0780,11999.4599,9132.5276
2016-11-08,10223.8751,14085.7291,20693.6480,11807.0136,18227.8209,11028.9923,10490.0546,13159.6130,11994.2941,9181.9922
2016-11-09,10421.7261,14224.8902,20951.2476,11956.3792,18742.2244,11210.1534,10559.4143,13280.7044,12099.0208,9476.1793
2016-11-10,10482.2375,14387.4839,20895.0919,11967.8690,18788.6723,11386.2989,10626.4271,13218.5391,12268.6791,9502.8507
2016-11-11,10439.8135,14349.5352,20822.5894,12025.2994,18891.3408,11472.3797,10585.1558,13269.7646,12301.1893,9505.4326
2016-11-14,10426.5694,14365.1989,20774.7978,12048.2517,19110.7790,11646.6844,10636.2824,13461.3419,12210.2150,9617.7224
2016-11-15,10443.1688,14406.0871,20845.3603,12267.3309,19075.9437,11625.0739,10610.3192,13505.1366,12243.2160,9652.9751
2016-11-16,10410.0674,14477.5665,20828.8471,12286.8525,19015.4302,11527.9829,10551.0744,13450.4379,12207.5500,9654.0824
2016-11-17,10493.0900,14552.3811,21090.8242,12276.9605,19095.0983,11530.4294,10555.2068,13552.4447,12286.0134,9638.5673
2016-11-18,10456.4167,14502.0127,21122.8257,12262.9388,19026.3285,11546.3980,10517.3787,13514.4697,12237.3444,9614.0669
2016-11-21,10566.7022,14616.3436,21243.2585,12438.7826,19361.8304,11674.8928,10615.6692,13594.6840,12369.8307,9676.1148
2016-11-22,10641.4941,14560.5026,21400.4861,12510.4322,19471.8440,11738.4902,10596.7222,13665.1439,12340.1741,9718.4698
2016-11-23,10634.3172,14683.1410,21394.6996,12517.8364,19502.8982,11723.2473,10654.1583,13715.7544,12343.8099,9764.3045
2016-11-25,10709.7749,14711.4017,21431.4640,12554.5585,19572.8501,11771.8946,10683.9900,13766.7050,12373.1334,9798.0807
2016-11-28,10679.0328,14557.2368,21320.5233,12458.8136,19421.9157,11709.5478,10695.9623,13724.7333,12180.7814,9764.6982
2016-11-29,10695.5148,14581.3961,21347.3767,12494.0008,19359.5229,11694.7727,10733.7102,13802.8728,12169.1919,9735.9228
2016-11-30,10579.8361,14444.6545,21064.2768,12462.8106,19351.6072,11751.0388,10765.8281,13684.1020,12160.6603,9689.8405
2016-12-01,10488.7065,14490.6888,20848.1850,12286.2540,19044.7232,11782.3482,10738.1851,13515.5626,12031.3777,9597.0391
2016-12-02,10523.7946,14490.3955,20975.8350,12317.1520,19115.6232,11751.8923,10723.4372,13506.6078,11917.8436,9616.1073
2016-12-05,10581.1145,14592.5174,21191.3567,12456.6494,19127.2089,11812.4442,10774.5220,13664.0584,12095.2968,9657.5045
2016-12-06,10639.9521,14667.4739,21297.3696,12455.0853,19149.1800,11870.6374,10832.0687,13768.3277,12245.0469,9707.3506
2016-12-07,10660.6995,14906.1530,21674.5077,12748.3100,19463.7242,12049.2661,10998.6241,14031.6136,12413.5898,9811.7547
2016-12-08,10661.4539,15023.5531,21802.5088,12772.1039,19638.6054,12135.2991,11041.7507,14140.0189,12545.8095,9880.6501
2016-12-09,10737.7538,15011.9221,21774.2152,12732.5402,19605.6587,12187.4516,11105.2225,14118.8037,12497.9782,9923.7538
2016-12-12,10766.2739,15011.8618,21698.5100,12580.5713,19708.0931,12058.7585,11030.6936,14101.3365,12333.4836,9864.4835
2016-12-13,10836.9727,15014.3147,21772.5904,12607.3428,19854.5005,12070.3227,11044.9388,14083.4655,12409.1427,9942.4385
2016-12-14,10733.2799,14825.2336,21569.5583,12399.8336,19720.4848,11872.7813,10902.9679,13894.7827,12291.6146,9823.2315
2016-12-15,10770.5455,14824.1033,21651.6660,12505.1236,19862.7684,11938.9512,10950.3746,13876.6239,12204.4074,9895.1113
2016-12-16,10804.1160,14752.0030,21530.8559,12464.1945,19851.7342,11978.0224,10959.7359,13814.1041,12057.6532,9856.4891
2016-12-19,10824.7598,14807.5634,21624.1321,12560.7862,19814.3040,11947.4732,10875.4380,13826.0546,12056.5202,9910.8565
2016-12-20,10838.4579,14835.0838,21721.1355,12530.3121,19882.9976,12068.1001,10957.6052,13915.4920,12164.5586,9960.7142
2016-12-21,10851.5466,14833.2819,21628.3720,12577.1159,19848.5416,12053.4892,10945.6970,13888.6440,12038.5927,9940.2782
2016-12-22,10871.2417,14642.2788,21500.4796,12540.2960,19923.9039,12019.3169,10960.9375,13834.1899,11907.3024,9889.9221
2016-12-23,10914.1034,14609.9025,21542.2677,12612.4529,20017.0269,12034.1566,10956.1253,13841.7588,11977.8950,9910.4322
2016-12-27,10934.2161,14663.4124,21584.8385,12663.6903,20116.2142,12107.1059,11009.7477,13864.8898,12044.6677,9951.3037
2016-12-28,10834.8460,14539.1864,21353.5215,12491.9562,19904.0993,12009.9070,10888.8434,13726.7662,11927.4142,9857.3755
2016-12-29,10864.4001,14528.5692,21361.0272,12482.8436,19874.9577,12021.5215,10920.1194,13744.5221,11915.5196,9877.6091
2016-12-30,10788.6103,14491.0294,21237.1605,12415.0368,19744.3072,12008.7624,10909.1972,13679.6780,11812.6025,9866.1733
2017-01-03,10924.9013,14569.4545,21365.1380,12542.9179,20003.9931,12098.3825,11002.9526,13830.2011,12039.9808,9947.1484
2017-01-04,11008.0548,14701.3076,21619.1457,12697.6076,20102.5747,12217.9775,11125.8746,14021.4192,12294.5141,10014.8342
2017-01-05,11034.9517,14618.0691,21359.5919,12669.1446,19990.0056,12186.1278,11088.2864,13993.8460,12215.8025,9987.5494
2017-01-06,11026.4662,14613.7657,21451.6046,12706.8982,19831.1712,12244.5779,11140.5392,14003.0123,12268.5915,10011.4336
2017-01-09,11069.2015,14564.1902,21545.3530,12613.8493,19815.6072,12165.0658,11050.3219,13844.9686,12275.4832,9967.5443
2017-01-10,11057.9859,14636.6017,21599.6097,12528.8018,19976.4463,12135.7200,11031.7511,13831.7051,12314.0056,9978.9982
2017-01-11,11023.2499,14662.8204,21664.0396,12634.0422,19940.1534,12187.4251,11141.8968,13903.1599,12292.3569,9973.5751
2017-01-12,11006.5330,14662.3554,21483.4782,12599.0857,19838.8097,12165.8102,11163.0943,13911.6402,12270.4003,9942.3363
2017-01-13,11030.1708,14647.8476,21573.4106,12630.1043,19885.8206,12183.4767,11207.6622,13928.9558,12290.9371,9967.1217
2017-01-17,10991.5665,14654.5436,21513.0527,12525.6162,19789.7628,12151.9442,11197.1871,13901.8205,12228.4173,9901.9253
2017-01-18,10994.7383,14627.7809,21702.9305,12598.6577,19883.5564,12162.2976,11234.3060,13935.5496,12235.5819,9953.6598
2017-01-19,10995.6700,14504.0763,21597.3442,12552.6144,19863.1961,12103.3271,11124.1331,13860.9915,12162.9946,9884.1894
2017-01-20,11023.0072,14529.0501,21999.3299,12628.3215,19989.1915,12246.5620,11231.6815,13906.0209,12151.5834,9961.8293
2017-01-23,11018.0786,14491.1511,22055.7083,12628.7702,19903.3514,12269.5456,11255.8678,13935.7972,12134.2984,9962.1430
2017-01-24,11052.8975,14682.8911,22306.7542,12801.0912,20058.0328,12356.9930,11376.7415,14171.2590,12301.7341,10057.4838
2017-01-25,11141.7150,14795.2259,22361.9351,12865.3311,20268.3149,12405.3646,11519.4090,14304.4872,12413.5185,10120.4395
2017-01-26,11118.5202,14744.5099,22282.8553,12820.8601,20233.0167,12391.7842,11442.0772,14257.9115,12196.1582,10002.0615
2017-01-27,11119.1504,14643.5637,22249.4524,12839.0615,20311.0953,12323.8923,11440.7921,14088.8165,12209.0862,10017.0422
2017-01-30,11051.1767,14634.4325,22221.4142,12693.8574,20150.4833,12249.6357,11327.6783,14056.9617,12159.6672,9952.7921
2017-01-31,11074.0011,14645.6583,22185.1166,12637.6378,20200.7299,12311.7173,11361.1105,14105.2275,12206.8857,9946.3113
2017-02-01,11001.1060,14585.5855,22102.7527,12638.9291,20336.4592,12292.1577,11347.2824,14028.2106,12232.0222,9981.3559
2017-02-02,10945.5925,14674.1660,22084.1574,12763.6544,20328.1388,12259.3389,11293.5331,14108.5844,12183.2888,10032.2480
2017-02-03,11004.7954,14769.8103,22500.0547,12916.3689,20441.3979,12339.1849,11388.0594,14213.0859,12388.2719,10108.4472
2017-02-06,10982.1487,14688.4809,22422.5352,12903.8637,20506.1524,12259.7535,11337.2934,14161.6753,12278.6568,10119.4768
2017-02-07,10999.1652,14700.7454,22440.5709,12753.4194,20479.6525,12154.4465,11355.9852,14189.8646,12186.7278,10121.9215
2017-02-08,11052.2068,14771.9105,22496.9690,12736.6400,20427.9694,12158.0234,11395.1858,14104.9598,12254.6723,10133.1651
2017-02-09,11129.3904,14923.5346,22690.5372,12823.8847,20548.3171,12240.6082,11433.0676,14219.9373,12469.0447,10118.9842
2017-02-10,11251.5114,15011.4243,22693.8704,12864.0202,20593.9497,12352.6679,11550.8555,14603.2530,12459.8265,10166.3005
2017-02-13,11237.7527,15059.0954,22709.4925,12931.9267,20818.2839,12444.3516,11644.3005,14646.0027,12450.3342,10264.0111
2017-02-14,11288.5193,15071.6929,22805.2151,12949.6214,20935.4134,12484.8461,11662.4615,14640.3345,12558.0352,10315.4442
2017-02-15,11333.4432,15133.8422,22917.2890,13037.0817,21116.2514,12453.8554,11672.1253,14683.1745,12628.2812,10404.7770
2017-02-16,11372.1943,15105.0740,22806.8377,12879.4911,21152.1051,12433.2566,11642.8934,14736.8262,12404.9292,10387.6708
2017-02-17,11430.9744,15145.9983,22876.0294,12874.3109,21241.7137,12478.3850,11728.9443,14752.5377,12493.6433,10292.8502
2017-02-21,11495.8758,15274.8890,23087.2185,13139.0130,21483.8999,12585.8883,11847.3377,14884.7336,12529.4086,10358.4173
2017-02-22,11507.3426,15260.4729,23076.4964,13017.5440,21417.5222,12596.6800,11807.9714,14724.8618,12424.1997,10364.1116
2017-02-23,11566.3123,15192.8536,22653.8498,12993.8335,21320.5930,12522.7026,11755.2947,14698.0830,12316.1504,10363.0727
2017-02-24,11683.1319,15441.3505,22819.1983,12988.8708,21403.5432,12515.0341,11796.4566,14720.8706,12380.0804,10381.1829
2017-02-27,11659.0791,15473.7212,22892.5651,12982.2094,21520.4647,12551.1842,11835.2330,14721.1285,12479.6039,10427.7338
2017-02-28,11607.5074,15279.8729,22839.8122,13055.4755,21389.5117,12513.0578,11794.8362,14622.0734,12363.7433,10390.3697
2017-03-01,11755.8651,15429.3128,23106.4416,13184.3113,21909.5110,12710.2596,11893.2516,14797.2337,12452.6091,10529.1907
2017-03-02,11869.8773,15358.7304,22961.2005,13130.0970,21834.5026,12601.9412,11734.9035,14708.1270,12362.8842,10434.0306
2017-03-03,11929.4370,15321.2644,23012.7625,13154.8857,21897.9726,12555.7561,11766.7295,14707.0047,12405.2239,10453.1832
2017-03-06,11839.8289,15217.1317,22913.9125,13093.4282,21832.6762,12508.8415,11694.2814,14649.1162,12355.3668,10322.9908
2017-03-07,11738.4579,15192.2522,22816.9806,13014.7210,21711.6795,12431.5086,11654.9589,14610.3352,12338.8637,10243.2162
2017-03-08,11722.5866,15334.8136,22837.7554,12891.5337,21780.8890,12338.6050,11560.3751,14569.3216,12426.6596,10170.8071
2017-03-09,11729.9497,15227.6064,22786.1523,12869.6708,21743.8039,12279.3820,11517.1997,14496.3245,12430.8979,10120.8816
2017-03-10,11860.2334,15300.0761,22746.3690,12944.6566,21834.4788,12292.7267,11576.5641,14559.0558,12431.6988,10173.2147
2017-03-13,11850.5556,15264.8552,22791.5412,12987.6814,21946.3752,12334.9813,11608.3629,14534.4207,12418.5065,10137.4070
2017-03-14,11842.0729,15198.5369,22722.2313,12920.6482,21806.4461,12261.0294,11552.6755,14470.3303,12376.3971,10101.7391
2017-03-15,11962.7889,15369.6178,22869.1027,13093.9643,22002.3683,12349.2531,11735.2296,14666.2673,12511.8493,10212.9209
2017-03-16,11888.5488,15343.6345,22815.8431,13091.6418,21932.9923,12341.1035,11653.1921,14678.8782,12488.5902,10208.1438
2017-03-17,11924.8971,15352.1655,22940.6688,13158.4343,21897.4196,12314.7972,11694.3912,14676.7216,12482.5928,10218.6677
2017-03-20,11924.0233,15281.6764,22791.9595,13115.0119,21858.5724,12300.6109,11732.3716,14634.6398,12354.9749,10257.9392
2017-03-21,11797.1929,15096.1839,22417.6046,12877.8272,21455.4741,12142.9630,11636.3492,14465.6192,12091.9288,10052.5384
2017-03-22,11840.9020,15085.4496,22429.3038,12905.3690,21551.6342,12103.9727,11675.8031,14518.4245,12111.2746,10108.7091
2017-03-23,11794.1133,15076.9019,22488.0014,12906.9280,21545.2199,12123.1013,11696.3210,14543.7527,12133.2558,10143.6105
2017-03-24,11784.3250,15035.2846,22450.1476,12940.1491,21526.7111,12119.6571,11672.9253,14471.4912,12158.1556,10099.4463
2017-03-27,11771.7188,15025.8020,22377.6263,12967.7556,21638.1212,12105.3247,11640.9390,14485.7090,12160.0302,10106.9686
2017-03-28,11835.4934,15125.2499,22497.6938,13098.6495,21720.8975,12261.5732,11754.9957,14563.7666,12272.4331,10240.4015
2017-03-29,11838.4971,15225.3618,22460.4165,13172.3029,21809.3671,12288.5160,11763.2390,14615.1252,12654.4927,10183.6354
2017-03-30,11834.1293,15242.2204,22547.5722,13176.8181,21786.4253,12252.8490,11774.6033,14700.8258,12675.3421,10201.7748
2017-03-31,11753.3985,15206.0328,22502.8101,13200.6498,21726.3808,12253.5483,11798.3898,14715.0129,12676.4713,10167.9853
2017-04-03,11727.8653,15144.1021,22360.2794,13142.9350,21642.1421,12180.1764,11734.2230,14602.1291,12612.4302,10140.3859
2017-04-04,11772.3142,15083.3206,22258.7790,13196.8739,21712.5401,12163.0136,11769.7212,14681.7032,12561.3075,10153.2783
2017-04-05,11711.3604,15020.6128,22154.3826,13108.1882,21568.4949,12100.6039,11751.5310,14629.9180,12515.6148,10124.7505
2017-04-06,11635.8759,15123.8992,22494.5457,13237.4673,21614.5202,12176.0222,11813.2168,14664.9971,12613.1601,10167.5321
2017-04-07,11677.5890,15101.0928,22495.1829,13233.8017,21710.7306,12158.2121,11783.9765,14687.2069,12585.0788,10172.2454
2017-04-10,11632.0798,15154.5309,22494.4391,13241.2147,21633.4489,12199.5805,11800.6310,14706.8731,12620.9585,10190.3450
2017-04-11,11603.6551,15159.1903,22493.1248,13230.9562,21515.2422,12245.2876,11788.4646,14691.7078,12624.4226,10175.9264
2017-04-12,11612.7718,15049.0769,22337.1323,13162.7504,21275.3406,12146.2187,11650.1923,14573.8335,12632.7854,10091.0826
2017-04-13,11558.5443,14968.2241,22217.0342,13074.5882,21159.5037,12058.9250,11552.6633,14496.4380,12510.5479,10000.3818
2017-04-17,11530.9358,15107.5956,22470.6291,13198.6204,21369.3718,12131.9252,11649.4413,14637.3863,12544.8475,10101.9144
2017-04-18,11511.5135,15071.9611,22452.9006,13261.3088,21336.5683,12115.2765,11640.0148,14694.3819,12481.3716,10140.0465
2017-04-19,11503.5265,15057.9859,22563.0343,13373.6207,21420.9341,12117.7043,11628.5718,14685.5811,12551.5981,10170.1462
2017-04-20,11602.9689,15222.0346,22854.0100,13571.1256,21619.2972,12226.3710,11705.7435,14758.9412,12852.9580,10297.3556
2017-04-21,11563.8093,15198.3043,22854.6041,13503.7778,21519.0928,12164.0360,11647.9557,14720.5061,12838.9207,10264.7278
2017-04-24,11665.9933,15353.4390,23124.4870,13623.9608,21792.3077,12276.5473,11764.6045,14885.6008,12930.5874,10381.1827
2017-04-25,11726.1512,15457.1849,23271.6183,13766.9873,21861.9895,12318.1522,12024.8349,14890.2102,13043.0053,10482.2184
2017-04-26,11683.6869,15532.2474,23275.5269,13748.5903,21838.8296,12333.5481,12026.1267,14886.6868,13112.0989,10453.4681
2017-04-27,11703.4663,15581.7233,23324.5797,13636.5944,22024.9199,12438.3045,12002.6482,14921.4831,13140.0080,10461.0022
2017-04-28,11691.6657,15513.0621,23216.2892,13500.6522,22042.8613,12266.0888,11901.2569,14777.9726,13014.9195,10376.6724
2017-05-01,11624.6007,15510.0697,23164.4062,13558.3568,22097.7106,12270.1843,11895.5832,14749.6766,12981.0749,10413.8095
2017-05-02,11629.4648,15634.7320,23255.2615,13516.4363,22176.5039,12246.6380,11790.0575,14774.1278,13000.0236,10452.5856
2017-05-03,11536.3954,15628.7649,23285.9530,13539.8682,22064.5831,12168.2009,11637.6921,14569.7253,12990.0597,10402.2535
2017-05-04,11693.2135,15608.2405,23357.7454,13433.6095,22182.2140,12286.1072,11679.7747,14614.5702,12927.8993,10400.9234
2017-05-05,11787.9136,15624.7005,23566.2601,13563.0901,22321.1521,12394.8871,11769.2017,14767.1602,13030.7369,10435.3591
2017-05-08,11759.8169,15499.9810,23634.0133,13490.4330,22205.6353,12368.5830,11685.7241,14724.5834,13045.8931,10420.2804
2017-05-09,11772.8811,15529.4140,23660.1531,13428.3150,22335.0439,12296.5052,11679.7745,14724.9997,13070.3909,10373.8680
2017-05-10,11671.4688,15554.5708,23801.5755,13469.4316,22409.5282,12336.0549,11691.4394,14723.2408,13102.5210,10403.3367
2017-05-11,11665.7038,15433.9441,23650.6726,13422.8786,22572.9566,12232.5601,11680.3758,14655.4737,12867.5617,10461.1397
2017-05-12,11644.2581,15354.0137,23577.1320,13346.9293,22552.7115,12136.9689,11622.8835,14564.3042,12630.7223,10393.2412
2017-05-15,11719.2416,15386.9816,23755.3685,13534.3572,22689.9907,12221.1511,11724.5855,14623.2835,12695.9869,10464.3366
2017-05-16,11702.6277,15333.5319,23765.5444,13534.6647,22762.0142,12136.8513,11698.1098,14596.3337,12695.0576,10496.6621
2017-05-17,11638.4356,15110.6878,23337.8983,13242.4844,22192.0566,11997.2717,11566.4942,14352.5250,12480.0335,10314.5004
2017-05-18,11742.0254,15133.3482,23514.1157,13178.6121,22201.1896,12091.8883,11617.1275,14362.0340,12502.4390,10310.1702
2017-05-19,11862.0428,14992.4865,23638.4628,13288.6430,22328.7707,12235.6254,11770.1586,14565.0514,12597.4482,10359.0796
2017-05-22,12072.6590,15082.9287,23886.1903,13356.9369,22574.2206,12310.3932,11789.5964,14643.3533,12686.1686,10538.7702
2017-05-23,12036.7071,15059.3138,23924.5612,13434.2836,22602.6790,12385.3013,11800.9407,14623.8920,12549.5542,10550.9172
2017-05-24,12123.2933,15066.9954,23970.7363,13429.5853,22605.3197,12368.7367,11717.8300,14685.8874,12549.9407,10627.9938
2017-05-25,12143.6745,15130.5017,24083.2315,13433.6022,22738.2085,12480.6380,11786.4840,14727.3398,12575.1634,10643.6740
2017-05-26,12138.1051,15170.3378,24024.4094,13480.8758,22795.0838,12456.2481,11814.5968,14697.3672,12583.8155,10647.4735
2017-05-30,12105.5362,15179.3671,24014.3053,13465.0305,22752.4381,12411.4611,11800.9013,14721.8281,12532.0228,10617.7409
2017-05-31,12168.5431,15197.7920,24010.9192,13421.0554,22779.4736,12376.8448,11792.1455,14734.0293,12541.6083,10578.8460
2017-06-01,12251.3331,15389.7650,24322.3837,13540.2536,22929.1626,12519.9673,11930.9371,14905.0136,12740.5636,10684.1839
2017-06-02,12271.9724,15354.3892,24397.0491,13536.8154,23060.6861,12485.0294,11967.7277,14928.6513,12719.1782,10659.7659
2017-06-05,12157.1815,15271.2571,24314.3379,13502.8823,22956.3446,12473.3671,11950.3450,14885.7333,12660.5834,10599.6166
2017-06-06,12095.1665,15129.0446,24109.5936,13542.7510,22914.0426,12401.1935,11923.8238,14806.0556,12494.1225,10564.4428
2017-06-07,12019.2256,15139.6270,24277.1731,13494.9910,23083.3634,12446.6389,11897.3849,14811.6848,12386.4943,10605.9919
2017-06-08,11993.7237,15133.9611,24252.6120,13581.6287,23181.2828,12451.2595,11926.0762,14790.2156,12516.1916,10626.0827
2017-06-09,12037.9605,15314.2646,24190.2669,13516.2867,22949.0902,12603.7361,12024.9709,14803.4279,12573.8885,10670.9560
2017-06-12,12055.3761,15405.8437,24123.6248,13503.0514,22890.4273,12671.2579,12028.4457,14902.8547,12623.3235,10649.6641
2017-06-13,12075.9804,15472.3076,24305.1826,13588.2803,22924.6438,12779.5457,12038.6732,14995.4662,12727.7432,10650.6560
2017-06-14,12122.7631,15460.8634,24247.6591,13449.7555,22773.5982,12792.7012,11968.2067,14964.1280,12695.7058,10619.0474
2017-06-15,12204.6120,15372.4745,24186.9967,13371.2518,22694.4650,12757.9663,11986.3370,14968.9497,12643.7331,10631.6821
2017-06-16,12213.4284,15155.8211,24036.1498,13392.0467,22696.2109,12828.9019,12075.5324,14956.5254,12678.3953,10569.4895
2017-06-19,12314.6843,15124.0831,24274.7314,13466.7797,23025.9254,12912.8004,12148.0180,15155.9052,12711.8479,10715.7125
2017-06-20,12290.2194,15036.4617,24166.3454,13341.3424,22826.4046,12757.4310,11996.5594,15028.6844,12602.7803,10662.8469
2017-06-21,12364.0678,14833.4995,24133.7568,13179.7471,23023.0653,12684.5137,11926.1775,14971.7525,12642.1586,10571.4858
2017-06-22,12334.6117,14706.8601,24140.9160,13181.0543,23010.6609,12725.3496,11940.2368,14906.6303,12665.9132,10557.1421
2017-06-23,12400.5698,14676.7633,24165.6937,13384.1654,23062.2594,12714.4828,12026.8475,14916.5937,12768.8816,10568.8342
2017-06-26,12372.6853,14776.9594,24101.8982,13458.2888,22972.1935,12787.3024,12074.2096,14954.0506,12772.3389,10597.5555
2017-06-27,12234.4382,14749.0904,24011.9001,13324.7080,22727.5140,12708.6933,11951.4571,14807.8752,12664.1403,10520.7598
2017-06-28,12375.4665,14869.1690,24232.0294,13516.7556,23044.9111,12755.7581,12001.2587,14915.4583,12822.2070,10646.1732
2017-06-29,12197.1923,14773.1156,23949.1105,13329.3620,22710.3039,12743.1212,11876.7326,14759.8323,12674.8705,10522.9579
2017-06-30,12177.4980,14826.9063,24021.6068,13338.1407,22698.0504,12787.5459,11974.0323,14851.6502,12722.0781,10556.9522
2017-07-03,12226.9047,14896.3150,24110.3355,13439.9313,22714.1029,12948.8764,12032.6781,14898.5212,12835.3516,10576.0663
2017-07-05,12256.1429,14836.5955,24099.5348,13426.3911,22774.6089,12827.6272,11991.6345,14841.8677,12773.8595,10573.4466
2017-07-06,12149.5978,14737.7934,23585.4840,13330.2107,22613.4784,12631.0029,11849.6920,14642.3928,12603.5452,10414.4607
2017-07-07,12243.7665,14796.4724,23641.4842,13459.0103,22895.2429,12728.9043,11931.7646,14766.0735,12684.8393,10462.7012
2017-07-10,12178.8996,14726.5632,23565.8100,13532.6098,23013.8179,12780.7385,11947.9436,14849.5384,12653.0178,10483.1286
2017-07-11,12164.6091,14693.6023,23514.3737,13623.3388,23073.2567,12740.4252,11918.1509,14842.0122,12756.7623,10485.8920
2017-07-12,12217.4991,14749.4952,23768.6609,13773.8217,23257.9225,12784.1403,12016.9359,15020.3502,12826.9637,10599.7082
2017-07-13,12198.8576,14860.8790,23889.7440,13842.3889,23312.0757,12841.1984,12028.3035,14977.4670,12886.0004,10637.6472
2017-07-14,12291.0619,14887.9416,24009.0350,13976.7399,23485.9798,12903.7455,12065.7738,15060.6403,12939.0285,10683.8507
2017-07-17,12285.8227,14872.3493,24051.5082,13963.3665,23486.7881,12948.6671,12160.5368,15102.3363,12928.4821,10676.8043
2017-07-18,12276.0047,14820.0773,23947.8366,13963.3074,23461.6368,12906.1280,12114.3671,14735.1283,12911.9724,10627.7637
2017-07-19,12361.6672,14872.3272,24126.9124,14020.4987,23650.4804,13025.1954,12214.4713,14975.6435,13317.9397,10617.7535
2017-07-20,12417.8511,14752.5348,24177.9374,13947.5784,23676.0515,13073.0157,12240.5338,14884.7193,13105.1285,10574.2995
2017-07-21,12458.5282,14758.4260,24156.5566,13948.1210,23565.4300,13114.6918,12279.1880,14901.6618,13095.3140,10571.3696
2017-07-24,12469.7376,14638.5665,24117.0975,13941.9273,23518.2113,13096.1662,12239.9131,14897.6491,13101.7847,10554.6623
2017-07-25,12406.8502,14788.5213,24234.0152,13982.2424,23568.7753,13167.4076,12241.0007,14933.9153,13189.5203,10685.2422
2017-07-26,12654.9107,14747.0974,24199.7966,13967.9055,23922.1681,13160.6611,12219.4068,14881.7935,13094.9737,10654.6421
2017-07-27,12882.2593,14811.7530,24205.2718,13995.1346,23794.9082,13199.0460,12289.9011,14855.3611,13130.2317,10674.0128
2017-07-28,12929.3974,14775.5444,24102.3906,13880.0979,23762.5449,13246.5582,12372.8365,14744.0928,13062.0834,10661.9198
2017-07-31,12885.2952,14887.0031,24160.6545,13832.2596,23687.5800,13275.8851,12340.1983,14643.4414,13014.8252,10655.2377
2017-08-01,12859.9303,14890.6988,24081.9235,13784.4717,23455.1643,13518.4069,12219.6786,14648.5734,12922.0667,10717.5013
2017-08-02,12738.2424,14953.7166,24168.5321,13679.4716,23307.8157,13348.9734,12210.6925,14616.7601,12910.6970,10626.8844
2017-08-03,12705.9231,14916.8531,23856.7043,13570.6896,23115.4700,13454.3677,12204.4685,14649.7338,12751.6418,10525.3379
2017-08-04,12745.6589,14976.4611,24131.1575,13616.2688,22998.9958,13558.9366,12192.1770,14539.6250,12847.4188,10487.6877
2017-08-07,12826.7431,14989.5009,24191.6448,13797.3914,23070.8498,13532.8090,12181.5028,14613.1971,12860.6852,10505.7675
2017-08-08,12727.8925,15020.0202,24097.1464,13669.4806,23075.0139,13463.2763,12149.4580,14586.9164,12798.5139,10481.0126
2017-08-09,12679.5538,14954.9078,24086.0211,13651.0732,23029.0149,13477.7360,12088.4858,14575.0724,12875.0168,10442.6157
2017-08-10,12510.5925,14716.0488,23650.8978,13362.8985,22724.2071,13289.2076,11978.5316,14321.0069,12537.4770,10288.3963
2017-08-11,12562.1710,14702.5903,23708.1279,13447.0143,22815.8186,13247.2247,11995.8079,14283.4296,12682.5695,10261.6285
2017-08-14,12669.1672,14811.9959,23963.0680,13586.4775,22890.8085,13370.0261,12088.8452,14428.6055,12725.7265,10343.3998
2017-08-15,12688.1492,14709.1440,23812.3003,13579.5516,22910.2785,13382.5938,12055.7765,14351.8468,12664.1296,10344.4859
2017-08-16,12675.9750,14841.1259,23915.8720,13669.0093,22984.5229,13447.1764,12147.1372,14370.3709,12678.6388,10422.6444
2017-08-17,12492.2800,14587.4392,23422.8654,13394.9788,22552.5694,13226.3451,11994.5397,14106.8415,12472.6083,10284.3360
2017-08-18,12481.6516,14109.8515,23233.1652,13341.2282,22629.4740,13154.2134,11949.2258,14193.1152,12483.2985,10283.5391
2017-08-21,12489.1343,14037.6453,23308.0077,13350.2115,22594.7982,13167.6129,11941.9511,14230.7807,12473.7698,10241.1325
2017-08-22,12621.0495,14123.8223,23547.3904,13589.4130,22898.5392,13248.4813,12052.9786,14347.8421,12654.0533,10293.3277
2017-08-23,12536.3428,14152.6672,23426.7755,13559.3878,22767.5041,13239.5899,12008.2226,14307.7916,12597.3848,10271.3546
2017-08-24,12534.5339,13970.4993,23349.6940,13496.0060,22793.5415,13238.8912,11984.0964,14309.1796,12653.0647,10218.9541
2017-08-25,12553.1665,14083.3518,23355.0552,13480.5462,22785.4609,13316.5330,11993.2560,14354.9846,12641.3363,10249.3709
2017-08-28,12570.9868,14046.8779,23314.4679,13523.7611,22891.1048,13244.3889,11979.8079,14368.7286,12650.6035,10232.1547
2017-08-29,12632.3393,14014.0707,23233.4973,13562.3054,22844.8444,13185.3242,11940.0080,14352.8974,12643.0759,10260.8294
2017-08-30,12826.5454,14053.1588,23354.1429,13630.9067,23117.9106,13187.9927,12007.0695,14458.4999,12733.5003,10316.9999
2017-08-31,12847.5384,14143.8428,23467.4255,13689.9483,23243.1108,13227.0463,12110.0179,14585.9165,12817.5557,10287.1350
2017-09-01,12887.3105,14271.3879,23627.4721,13862.9360,23392.7173,13323.7523,12136.1434,14610.3761,13002.9331,10374.0271
2017-09-05,12774.8161,14224.8347,23502.3512,13790.1027,23117.8367,13168.9462,12077.2495,14479.9778,12941.7028,10362.0048
2017-09-06,12805.6130,14242.9585,23629.7536,13844.9597,23232.3974,13289.0932,12056.0176,14549.2988,13022.8392,10404.8984
2017-09-07,12814.8586,14203.6335,23632.3319,13775.1902,23096.8012,13225.4561,12052.2345,14517.8349,12903.6978,10309.5626
2017-09-08,12780.5446,14253.0201,23607.9730,13730.5461,23119.4190,13325.1443,12074.5777,14511.6102,12867.2347,10358.1226
2017-09-11,12812.9652,14363.9866,23933.8926,14057.0507,23129.6869,13497.9865,12217.2191,14555.8835,12875.7423,10547.2690
2017-09-12,12833.6826,14466.3735,24146.0983,14167.1964,23254.9812,13481.3608,12251.3026,14640.6879,12945.2771,10601.2125
2017-09-13,12820.0541,14503.9575,24180.7438,14183.5220,23284.4235,13440.1787,12204.0666,14609.2196,13085.2282,10574.8310
2017-09-14,12826.4205,14554.8190,24137.4318,13920.2912,23849.5554,13435.3914,12155.9279,14606.0516,12946.4780,10503.5082
2017-09-15,12866.5534,14610.1352,24253.1156,14276.2505,23416.3826,13506.7274,12179.4927,14649.4320,12969.0256,10552.6979
2017-09-18,12908.6636,14567.9977,24265.0729,14377.3006,23492.5645,13572.1646,12249.8850,14652.4841,12957.2247,10539.3941
2017-09-19,12919.9797,14548.8430,24215.8554,14450.2898,23572.6225,13539.2345,12237.8153,14637.2879,12954.8685,10516.9858
2017-09-20,12922.5829,14479.1480,23777.3473,14401.6954,23657.2594,13602.5685,12238.6229,14688.8007,12977.2706,10509.5730
2017-09-21,12876.3754,14378.1194,23701.3948,14348.9712,23608.9559,13606.4807,12245.9227,14647.7850,13019.0018,10430.6048
2017-09-22,12879.8725,14383.3813,23855.5164,14543.7640,23760.6310,13559.0747,12224.3639,14675.8550,13117.0812,10422.6853
2017-09-25,12880.0368,14432.1488,23807.3182,14510.8970,23759.5281,13617.9517,12257.9050,14668.2282,13072.1402,10458.2431
2017-09-26,12826.3066,14476.4201,23926.7101,14512.6642,23587.0965,13528.9897,12122.8551,14662.5638,13037.1811,10513.4868
2017-09-27,12867.8327,14493.9896,24056.2916,14673.5181,23897.4026,13554.5991,12101.9068,14716.6326,13139.7634,10583.6677
2017-09-28,12949.8539,14517.8874,23974.4779,14680.5728,23879.8951,13601.9129,12108.3148,14746.0936,13108.3552,10537.1878
2017-09-29,12986.2778,14566.5982,24046.9545,14798.0735,24169.7142,13633.0880,12167.7198,14818.9768,13173.9896,10564.8033
2017-10-02,13005.4643,14628.3058,24152.1503,14889.2014,24378.2503,13668.1177,12251.0440,14861.3675,13167.0886,10629.6006
2017-10-03,13023.8668,14704.2600,24245.6411,14885.7840,24383.5684,13670.1756,12269.5172,14870.4757,13277.3100,10655.4977
2017-10-04,13053.9274,14759.5316,24222.9341,14854.8393,24857.7790,13732.6320,12384.5669,14899.5107,13310.9619,10829.6199
2017-10-05,13112.2361,14847.5688,24460.1989,14643.4825,24921.9857,13758.5432,12379.6675,14914.9263,13344.6286,10689.9569
2017-10-06,13085.7353,14743.6736,24509.1540,14610.6532,25004.5369,13750.3558,12342.4871,14909.9578,13280.2815,10708.3945
2017-10-09,13052.5458,14582.9970,24440.2117,14564.2357,25010.7379,13712.0340,12323.7300,14706.5381,13241.8610,10656.4952
2017-10-10,13156.8586,14715.6884,24588.3239,14647.9641,24965.7691,13782.4412,12349.5971,14713.1029,13190.1896,10742.8626
2017-10-11,13107.0729,14752.7323,24626.8947,14602.4552,24962.3273,13809.8780,12374.3549,14636.2600,13173.7413,10652.7226
2017-10-12,13066.0682,14705.3359,24596.5422,14625.3282,24946.1961,13841.0043,12396.6131,14552.5698,13001.3166,10651.0326
2017-10-13,13105.9170,14770.1040,24687.8436,14660.6041,24958.5711,13887.6148,12464.1305,14604.2855,13012.3171,10674.0972
2017-10-16,13171.4874,14721.3544,24647.4202,14723.0182,24991.5434,13921.3754,12455.8543,14606.9509,12990.6706,10740.5831
2017-10-17,13162.0128,14725.0033,24572.0438,14801.1566,24960.1997,14001.3982,12358.8928,14567.6749,13030.6538,10813.7009
2017-10-18,13145.4827,14754.8552,24590.9770,14813.9453,24878.8079,14017.6584,12365.5276,14594.5218,13066.2922,10764.6807
2017-10-19,13142.4113,14833.1386,24835.1298,14880.9186,25027.2304,14039.0986,12409.3665,14601.5930,13095.6778,10789.9108
2017-10-20,13253.5240,14978.7520,25112.6833,14972.5402,25254.9320,14161.2012,12521.9709,14647.4784,13172.0378,10842.7407
2017-10-23,13238.4175,15028.0715,25064.6888,14841.0798,25197.4264,14221.2105,12475.9714,14544.1452,13051.9008,10855.7018
2017-10-24,13305.0988,15049.6177,25175.9959,14903.7699,25246.8624,14262.7647,12547.4223,14608.8938,13057.2713,10908.7054
2017-10-25,13221.9001,14999.9181,25154.7334,14658.8386,25050.3915,14196.5769,12506.4700,14363.7372,12884.9325,10829.9219
2017-10-26,13232.4275,15169.3674,25281.3629,14723.0278,25255.5634,14243.4718,12524.8952,14466.8231,12789.7178,10893.2227
2017-10-27,13227.8761,15038.7519,25497.6495,14791.5657,25303.9957,14188.7380,12595.0989,14560.7847,12763.8873,11040.5233
2017-10-30,13162.5050,14872.6473,25354.0457,14624.2517,25156.3998,14117.7892,12487.7638,14504.4069,12746.4301,10968.3536
2017-10-31,13164.9265,14803.0293,25576.4052,14848.9493,25019.4397,14160.9336,12669.0765,14562.9309,12753.3732,11053.2937
2017-11-01,13072.8932,14824.4638,25592.2775,14740.6462,25092.5742,14203.9881,12690.3783,14806.2101,12803.1071,11069.3670
2017-11-02,13043.7139,14858.8115,25831.1265,14690.7183,25054.0740,14337.9550,12618.7709,14594.7947,12797.1853,11076.0474
2017-11-03,13036.8371,14821.0159,25768.5808,14736.9725,25232.8846,14325.3668,12673.5150,14496.3801,12826.6623,11070.8544
2017-11-06,13038.0260,14816.9934,25805.2799,14809.6691,25461.2789,14323.9526,12700.7769,14541.1777,13017.9717,11133.9740
2017-11-07,13121.1533,14773.4944,25569.9234,14825.6255,25456.1812,14195.7595,12746.4959,14589.5462,12662.5893,11131.7783
2017-11-08,13110.3836,14880.9712,25675.0776,14892.4792,25598.0577,14222.5207,12687.3935,14736.6734,12629.3770,11178.5112
2017-11-09,13130.9039,15014.3262,25521.7176,14780.8290,25411.6425,14194.4362,12609.3865,14719.8965,12705.8713,11140.2249
2017-11-10,13286.3175,15006.0890,25597.1113,14818.0972,25385.9279,14212.3503,12607.3320,14711.8397,12699.0135,11173.3428
2017-11-13,13387.2556,14955.7055,25612.5955,14846.8525,25338.0336,14242.7159,12675.0093,14766.7868,12613.8685,11162.6310
2017-11-14,13386.7961,14994.5777,25771.3536,14703.9331,25350.1126,14273.3108,12723.7971,14748.1215,12520.9223,11223.5748
2017-11-15,13313.5364,14813.8209,25480.3086,14632.3055,25203.3872,14194.9120,12546.1719,14712.4256,12481.2129,11130.5967
2017-11-16,13436.6981,14895.6640,25705.5376,14818.2763,25512.7663,14226.3671,12693.0609,14804.3713,12531.5093,11245.6147
2017-11-17,13436.8217,15352.9971,25780.9258,14748.0637,25398.2959,14222.4149,12724.6056,14878.7457,12575.8938,11236.0341
2017-11-20,13335.4295,15380.1659,25852.5073,14899.7834,25384.1248,14262.3365,12726.8929,14923.1936,12558.9103,11234.1073
2017-11-21,13360.0096,15498.6435,25943.2692,14945.9232,25659.5374,14311.5940,12751.2006,15114.3568,12672.8218,11180.8304
2017-11-22,13332.5804,15510.4818,25777.5619,14867.9194,25554.8896,14290.9696,12735.1991,15183.1369,12735.1366,11193.5470
2017-11-24,13350.6161,15460.3048,25845.3342,14909.3834,25644.4733,14298.1997,12749.7310,15161.4293,12731.4446,11174.9279
2017-11-27,13358.4159,15415.6939,25972.6309,14757.2793,25388.9880,14312.1131,12715.2386,15120.2909,12725.9464,11109.2906
2017-11-28,13462.0610,15627.2212,26279.3518,14982.8625,25471.0835,14532.5154,12808.8876,15312.5717,12884.7975,11221.3513
2017-11-29,13561.8082,15926.2464,26226.7095,14740.0267,25224.2164,14713.8795,12787.0474,15395.0670,13028.3509,11299.0569
2017-11-30,13726.5619,15978.1799,26591.4743,14808.3808,25545.7196,14822.2917,12885.0804,15430.2243,13116.6846,11383.1881
2017-12-01,13714.4763,15930.9833,26488.9525,14835.4838,25674.5783,14805.1885,12933.9950,15469.6119,13026.1874,11489.4687
2017-12-04,13748.1646,16139.8328,26285.6863,14739.7348,25842.2211,14780.7611,12943.2162,15520.4727,13049.9239,11545.4354
2017-12-05,13659.6127,15992.6089,26022.7549,14679.1683,25699.7305,14714.5813,12852.9457,15424.0349,12924.5822,11453.3044
2017-12-06,13749.4240,15921.4660,26093.9618,14592.1444,25701.4869,14717.9028,12872.2182,15482.7204,12739.5013,11504.3918
2017-12-07,13759.6283,15997.1696,26231.5883,14574.5078,25929.5699,14820.5178,12936.9057,15551.9219,12820.8026,11496.8858
2017-12-08,13879.7502,16127.3071,26388.7240,14598.6869,26154.6425,14967.7836,12931.7686,15637.7004,12913.9835,11588.5682
2017-12-11,13920.3247,16132.1030,26447.2130,14666.1178,26174.9005,14899.3302,12939.9279,15643.3754,12953.8857,11614.4672
2017-12-12,13920.1295,16085.6321,26461.6494,14504.4392,26139.1718,14979.0706,12938.7867,15713.8216,12994.2053,11613.9448
2017-12-13,13970.0903,16147.3356,26451.9463,14557.8519,26213.2810,14960.5371,12961.0763,15770.5060,12994.7158,11652.9220
2017-12-14,13920.3445,16001.4809,26358.1404,14461.6866,26329.7443,14869.0314,12961.5256,15680.2351,12876.2589,11567.0113
2017-12-15,14046.9412,16205.6025,26576.5954,14606.4285,26610.2711,15012.9173,13105.7001,15847.4306,13013.0981,11764.1999
2017-12-18,14060.3256,16326.2602,26885.3259,14839.6259,26857.8374,15066.2429,13097.2346,15998.1598,13172.6220,11938.6466
2017-12-19,14068.9630,16229.0816,26793.8690,14784.4654,26871.7699,15017.4557,13053.1793,15931.8424,13022.7627,11852.9737
2017-12-20,14021.6156,16258.5913,26776.0286,14775.1986,26969.0920,14964.4393,13050.0332,15960.2732,13081.2746,11857.2197
2017-12-21,14017.9405,16356.5820,26776.3379,14702.7855,26931.3925,14965.1561,13123.4653,16053.6206,13219.1421,11886.8844
2017-12-22,14017.4801,16314.6621,26814.8855,14765.2770,26906.2763,15021.4331,13158.9528,16056.4939,13209.2411,11926.7436
2017-12-26,14032.0776,16366.3850,26846.0044,14753.7476,26957.2240,15069.5276,13181.4024,16053.1639,13273.1548,11897.1747
2017-12-27,14062.5849,16323.7965,26816.7772,14681.2672,26946.9457,15111.2725,13183.7265,16011.6989,13232.6948,11870.7543
2017-12-28,14031.6436,16325.2913,26803.2594,14788.6142,26911.0831,15183.7400,13234.2149,16024.2812,13251.8997,11912.7446
2017-12-29,13988.9149,16257.2495,26660.6772,14669.7281,26770.6378,15123.2628,13205.3813,15952.1822,13219.9309,11876.1556
2018-01-02,14024.7314,16425.2851,26780.4865,14919.5358,27117.1908,15132.0380,13336.2929,16050.1475,13464.1663,11961.8362
2018-01-03,14078.5835,16564.4288,26890.2934,15071.2766,27454.8911,15121.5751,13348.8341,16110.8972,13484.9592,11946.3763
2018-01-04,14106.8097,16497.8574,26683.0446,15147.9185,27437.8204,15173.6558,13310.3828,16043.2252,13577.5518,12024.3438
2018-01-05,14243.2950,16602.7631,26835.0221,15228.2462,27722.6048,15216.8919,13360.8055,16099.0121,13656.5988,12092.4897
2018-01-08,14255.1961,16638.6323,26746.3579,15329.0229,27747.2787,15221.4671,13417.0332,16161.6576,13659.5980,12120.5752
2018-01-09,14233.4863,16632.9166,26780.0795,15249.5206,27730.4302,15212.2813,13385.3104,16051.6109,13652.6621,12019.9983
2018-01-10,14175.4889,16660.0147,26742.9817,15082.0904,27637.0358,15195.1057,13320.5114,16091.6152,13666.6354,11965.4699
2018-01-11,14180.2254,16852.9571,26968.1838,15201.0285,28040.9217,15343.5663,13521.6596,16302.0406,13877.3830,12104.6224
2018-01-12,14270.2278,17016.3059,27138.1485,15194.8276,28341.5666,15426.9418,13586.8610,16350.8281,14018.9239,12101.2757
2018-01-16,14213.2180,16844.1005,27044.1116,15108.1964,28353.6583,15300.7042,13486.0967,16246.1669,13736.4715,12068.6580
2018-01-17,14477.9362,17011.8784,27308.1439,15344.9643,28970.6660,15386.5952,13538.1665,16408.0421,13615.9702,12204.4444
2018-01-18,14388.4707,17127.0648,27251.8847,15113.8197,28805.9708,15363.4447,13531.7504,16375.7185,13564.3927,12098.4895
2018-01-19,14440.3293,17263.7176,27468.8230,15111.4164,28814.8844,15491.9898,13550.0109,16565.1148,13632.6246,12204.0129
2018-01-22,14523.1486,17256.0448,27755.4908,15171.8902,29126.1728,15562.2983,13613.7987,16726.3503,13831.0745,12242.2922
2018-01-23,14525.0671,17248.9475,27882.4038,15317.7729,29097.0867,15710.9238,13667.1889,16728.1313,13757.6663,12234.7486
2018-01-24,14539.4523,17287.0345,27901.8950,15410.1479,28781.8498,15725.4870,13695.8603,16721.6558,13768.7190,12292.5448
2018-01-25,14601.0819,17335.6903,27833.0021,15297.7308,28647.3705,15638.6582,13724.2621,16717.1626,13587.7344,12305.9411
2018-01-26,14864.6223,17383.0934,28096.5463,15327.3204,28835.4515,15796.9283,13760.3345,16846.9896,13737.8376,12464.3736
2018-01-29,14695.5196,17201.5689,27863.5109,15048.8502,28573.2786,15736.6966,13598.6281,17186.5527,13590.1382,12286.5818
2018-01-30,14575.8865,16868.5451,27543.4310,14820.2644,28106.8214,15625.7450,13536.6892,17047.4921,13364.4974,12048.5017
2018-01-31,14647.4183,16775.1545,27534.7924,14834.5378,28034.2720,15650.1073,13558.9300,17022.4815,13321.8892,11998.9469
2018-02-01,14641.6859,16732.5993,27606.1418,14861.3496,27866.1525,15543.9268,13521.9268,17018.8584,13360.0051,11983.6145
2018-02-02,14329.8800,16388.9580,26889.6262,14406.0983,27143.5212,15250.9017,13195.3704,16671.3022,13027.0816,11698.6854
2018-02-05,13753.9022,15770.9855,25782.6336,13830.1412,25999.3194,14701.1812,12705.8107,16109.6957,12591.4865,11272.3116
2018-02-06,13944.4486,15983.5020,26392.0630,14216.4094,26631.7973,14847.7270,12814.2561,16346.3986,13040.0505,11474.9878
2018-02-07,13923.4204,15962.3986,26389.6570,14091.9363,26299.8068,14894.0891,12852.1529,16262.7627,13099.4372,11418.5019
